{"products": [{
    "author": "dlam",
    "editable": true,
    "id": "_17_0_2_3_407019f_1390507581047_689015_29384",
    "lastModified": "2014-02-10T11:45:05.390-08:00",
    "noSections": [],
    "qualifiedName": "/test/Test334/doc/Spacecraft Doc",
    "view2view": [
        {
            "childrenViews": [
                "_17_0_2_3_407019f_1390507595220_102072_29439",
                "_17_0_2_3_407019f_1386871350559_140692_26286"
            ],
            "id": "_17_0_2_3_407019f_1390507581047_689015_29384"
        },
        {
            "childrenViews": [],
            "id": "_17_0_2_3_407019f_1386871350559_140692_26286"
        },
        {
            "childrenViews": [],
            "id": "_17_0_2_3_407019f_1390507595220_102072_29439"
        }
    ]
}]}
