{"elements": [
    {
        "author": "dlam",
        "documentation": "<p>\nA spacecraft doesn't need wheels, but what the heck.\n\n    <\/p>",
        "editable": true,
        "id": "_17_0_2_3_407019f_1390507392384_798171_29256",
        "lastModified": "2014-02-10T11:41:07.086-08:00",
        "name": "Wheel",
        "owner": "_17_0_2_3_407019f_1386871371493_325781_26346",
        "qualifiedName": "/test/Test334/components/Wheel",
        "type": "Element"
    },
    {
        "author": "dlam",
        "documentation": "<p>\nThis is a thing that flies in space.\n\n    <\/p>",
        "editable": true,
        "id": "_17_0_2_3_407019f_1386871355202_825879_26310",
        "lastModified": "2014-02-10T11:41:06.496-08:00",
        "name": "Spacecraft",
        "owner": "_17_0_2_3_407019f_1386871371493_325781_26346",
        "qualifiedName": "/test/Test334/components/Spacecraft",
        "type": "Element"
    },
    {
        "author": "dlam",
        "documentation": "",
        "editable": true,
        "id": "_17_0_2_3_407019f_1390507415007_980263_29329",
        "isDerived": false,
        "lastModified": "2014-02-10T11:41:07.245-08:00",
        "name": "mass",
        "owner": "_17_0_2_3_407019f_1390507392384_798171_29256",
        "qualifiedName": "/test/Test334/components/Wheel/mass",
        "type": "Property",
        "value": [33],
        "valueType": "LiteralReal"
    },
    {
        "author": "dlam",
        "documentation": "",
        "editable": true,
        "id": "_17_0_2_3_407019f_1387309243448_48276_29113",
        "isDerived": false,
        "lastModified": "2014-02-10T11:41:06.810-08:00",
        "name": "mass",
        "owner": "_17_0_2_3_407019f_1386871355202_825879_26310",
        "qualifiedName": "/test/Test334/components/Spacecraft/mass",
        "type": "Property",
        "value": [34.2],
        "valueType": "LiteralReal"
    },
    {
        "author": "dlam",
        "documentation": "",
        "editable": true,
        "id": "_17_0_2_3_407019f_1390507334373_78013_29205",
        "isDerived": false,
        "lastModified": "2014-02-10T11:41:07.886-08:00",
        "name": "mass",
        "owner": "_17_0_2_3_407019f_1386871384972_702931_26371",
        "qualifiedName": "/test/Test334/components/RTG/mass",
        "type": "Property",
        "value": [2.3],
        "valueType": "LiteralReal"
    },
    {
        "author": "dlam",
        "documentation": "<p>\nthis is showing components of the spacecraft\n\n    <\/p>",
        "editable": true,
        "id": "_17_0_2_3_407019f_1390507595220_102072_29439",
        "lastModified": "2014-02-10T11:45:04.310-08:00",
        "name": "Components",
        "owner": "_17_0_2_3_407019f_1390508230826_18392_31223",
        "qualifiedName": "/test/Test334/doc/Components",
        "type": "Element"
    },
    {
        "author": "dlam",
        "documentation": "<p>\nthis is the power source\n\n    <\/p>",
        "editable": true,
        "id": "_17_0_2_3_407019f_1386871384972_702931_26371",
        "lastModified": "2014-02-10T11:41:07.696-08:00",
        "name": "RTG",
        "owner": "_17_0_2_3_407019f_1386871371493_325781_26346",
        "qualifiedName": "/test/Test334/components/RTG",
        "type": "Element"
    }
]}