<?xml version='1.0' encoding='UTF-8'?>
<!DOCTYPE permissions >

<permissions>
    
    <!-- Namespaces used in type references -->
   <namespaces>
      <namespace uri="http://www.alfresco.org/model/system/1.0" prefix="sys"/>
      <namespace uri="http://www.alfresco.org/model/content/1.0" prefix="cm"/>
      <namespace uri="http://www.alfresco.org/model/wcmmodel/1.0" prefix="wcm"/>
      <namespace uri="http://www.alfresco.org/model/wcmappmodel/1.0" prefix="wca"/>
   </namespaces>

   <!-- ================================================ -->
   <!-- Permissions available to all content and folders -->
   <!-- ================================================ -->
   
  <permissionSet type="cm:cmobject" expose="selected">
       
       <!-- Kept for backward compatibility - the administrator permission has   -->
      <!-- been removed to avoid confusion --> 
      <permissionGroup name="Administrator" allowFullControl="true" expose="false" />
      
      <!-- A coordinator can do anything to the object or its children unless the     -->
      <!-- permissions are set not to inherit or permission is denied.                 -->
      <permissionGroup name="Coordinator" allowFullControl="true" expose="true" />
      
      <!-- A collaborator can do anything that an editor and a contributor can do -->
      <permissionGroup name="Collaborator" allowFullControl="false" expose="true">
         <includePermissionGroup permissionGroup="Editor" type="cm:cmobject" />
         <includePermissionGroup permissionGroup="Contributor" type="cm:cmobject" />
         <includePermissionGroup permissionGroup="Delete" type="sys:base" />
         
 
          <includePermissionGroup permissionGroup="ChangePermissions" type="sys:base" />
          <includePermissionGroup permissionGroup="CreateAssociations" type="sys:base" />
          <includePermissionGroup permissionGroup="DeleteAssociations" type="sys:base" />
          <includePermissionGroup permissionGroup="ReadAssociations" type="sys:base" />
          <includePermissionGroup permissionGroup="Execute" type="sys:base" />

      </permissionGroup>
      
      <!-- A contributor can create content and then they have full permission on what -->
      <!-- they have created - via the permissions assigned to the owner.              -->
      <permissionGroup name="Contributor" allowFullControl="false" expose="true" >
          <!-- Contributor is a consumer who can add content, and then can modify via the -->
          <!-- owner permissions.                                                      -->
          <includePermissionGroup permissionGroup="Consumer" type="cm:cmobject"/>
          <includePermissionGroup permissionGroup="AddChildren" type="sys:base"/>
          <includePermissionGroup permissionGroup="ReadPermissions" type="sys:base" />
      </permissionGroup>
      
      <!-- An editor can read and write to the object; they can not create    -->
      <!-- new nodes. They can check out content into a space to which they have       -->
      <!-- create permission.                                                          -->
      <permissionGroup name="Editor"  expose="true" allowFullControl="false" >
          <includePermissionGroup type="cm:cmobject" permissionGroup="Consumer"/>
          <includePermissionGroup type="sys:base" permissionGroup="Write"/>
          <includePermissionGroup type="cm:lockable" permissionGroup="CheckOut"/>
          <includePermissionGroup type="sys:base" permissionGroup="ReadPermissions"/>
      </permissionGroup>
      
      <!-- The Consumer permission allows read to everything by default.                  -->
      <permissionGroup name="Consumer" allowFullControl="false" expose="true" >
          <includePermissionGroup permissionGroup="Read" type="sys:base" />
      </permissionGroup>
      
      <!-- records permission -->
      <!-- Should be tied to the aspect -->
      <!-- ownership should be removed when using this permission --> 
      <permissionGroup name="RecordAdministrator" allowFullControl="false" expose="false">
          <includePermissionGroup type="sys:base" permissionGroup="ReadProperties"/>
          <includePermissionGroup type="sys:base" permissionGroup="ReadChildren"/>
          <includePermissionGroup type="sys:base" permissionGroup="WriteProperties"/>
          <includePermissionGroup type="sys:base" permissionGroup="ReadContent"/>
          <includePermissionGroup type="sys:base" permissionGroup="DeleteChildren"/>
          <includePermissionGroup type="sys:base" permissionGroup="CreateChildren"/>
          <includePermissionGroup type="sys:base" permissionGroup="LinkChildren"/>
          <includePermissionGroup type="sys:base" permissionGroup="DeleteAssociations"/>
          <includePermissionGroup type="sys:base" permissionGroup="CreateAssociations"/>
      </permissionGroup>
       
      <!-- avm related permissions -->
       
       <!-- AVM website specific roles.                                               -->
      <permissionGroup name="ContentManager" allowFullControl="true" expose="false" />
      
      <permissionGroup name="ContentPublisher" allowFullControl="false" expose="false">
         <includePermissionGroup permissionGroup="Collaborator" type="cm:cmobject" />
      </permissionGroup>
      
      <permissionGroup name="ContentContributor" allowFullControl="false" expose="false">
         <includePermissionGroup permissionGroup="Contributor" type="cm:cmobject" />
      </permissionGroup>
      
      <permissionGroup name="ContentReviewer" allowFullControl="false" expose="false">
         <includePermissionGroup permissionGroup="Editor" type="cm:cmobject" />
      </permissionGroup>
       
   </permissionSet>
    
</permissions>
