<?xml version="1.0" encoding="UTF-8"?>
<!DOCTYPE model>
<model name="myw:workflowModel" xmlns="http://www.alfresco.org/model/dictionary/1.0">
    <!-- Optional meta-data about the model -->
    <description>Workflow Model for Repo Extension X</description>
    <author>My Name</author>
    <version>1.0</version>

    <imports>
        <!-- Import Alfresco Dictionary Definitions -->
        <import uri="http://www.alfresco.org/model/dictionary/1.0" prefix="d"/>
        <!-- Import Alfresco Content Domain Model Definitions -->
        <import uri="http://www.alfresco.org/model/content/1.0" prefix="cm"/>
        <!-- Import Alfresco Workflow Model Definitions -->
        <import uri="http://www.alfresco.org/model/bpm/1.0" prefix="bpm"/>
    </imports>

    <!-- Custom namespace for your domain -->
    <namespaces>
        <namespace uri="http://www.mycompany.com/model/workflow/1.0" prefix="myw"/>
    </namespaces>

    <!-- ===============================================================================================================
        Constraints, Types, and Aspects go here...
        -->
</model>

