<?xml version="1.0"?>
<!DOCTYPE hibernate-mapping PUBLIC "-//Hibernate/Hibernate Mapping DTD 3.0//EN"
"http://hibernate.sourceforge.net/hibernate-mapping-3.0.dtd">

<hibernate-mapping>
    <class name="org.nasa.jpl.view_repo.db.EdgeTypes" table="edgeTypes" catalog="mms">
        <id name="id" type="java.lang.Integer">
            <column name="id" />
            <generator class="identity" />
        </id>
        <property name="name" type="string">
            <column name="name" not-null="true" />
        </property>
    </class>
</hibernate-mapping>
