{
    "element": {
        "properties": {
            "aggregation": {
                "type": "keyword"
            },
            "visibility": {
                "type": "keyword"
            },
            "direction": {
                "type": "keyword"
            },
            "ordering": {
                "type": "keyword"
            },
            "concurrency": {
                "type": "keyword"
            },
            "kind": {
                "type": "keyword"
            },
            "mode": {
                "type": "keyword"
            },
            "interactionOperator": {
                "type": "keyword"
            },
            "messageKind": {
                "type": "keyword"
            },
            "messageSort": {
                "type": "keyword"
            },
            "effect": {
                "type": "keyword"
            },
            "mustIsolate": {
                "type": "boolean"
            },
            "_creator": {
                "type": "keyword"
            },
            "_modifier": {
                "type": "keyword"
            },
            "_qualifiedName": {
                "type": "keyword"
            },
            "_qualifiedId": {
                "type": "keyword"
            },
            "_created": {
                "type": "date",
                "format": "yyyy-MM-dd'T'HH:mm:ss.SSSZ"
            },
            "_modified": {
                "type": "date",
                "format": "yyyy-MM-dd'T'HH:mm:ss.SSSZ"
            },
            "_elasticId":{
                "type": "keyword"
            }
        }
    }
}
