{
    "commit": {
        "properties": {
            "added": {
                "type": "nested",
                "properties" : {
                    "id":{
                        "type": "keyword"
                    },
                    "elasticId":{
                        "type": "keyword"
                    }
                }
            },
            "moved": {
                "type": "nested",
                "properties" : {
                    "id":{
                        "type": "keyword"
                    },
                    "previousOwner":{
                        "properties" : {
                            "id":{
                                "type": "keyword"
                            },
                            "elasticId":{
                                "type": "keyword"
                            }
                        }
                    },
                    "owner":{
                        "properties" : {
                            "id":{
                                "type": "keyword"
                            },
                            "elasticId":{
                                "type": "keyword"
                            }
                        }
                    }
                }
            },
            "updated": {
                "type": "nested",
                "properties" : {
                    "id":{
                        "type": "keyword"
                    },
                    "elasticId":{
                        "type": "keyword"
                    },
                    "previousElasticId":{
                        "type": "keyword"
                    }
                }
            },
            "deleted": {
                "type": "nested",
                "properties" : {
                    "id":{
                        "type": "keyword"
                    },
                    "previousElasticId":{
                        "type": "keyword"
                    }
                }
            },
            "_creator": {
                "type": "keyword"
            },
            "_created": {
                "type": "date",
                "format": "yyyy-MM-dd'T'HH:mm:ss.SSSZ"
            }
        }
    }
}
