<?xml version="1.0" encoding="UTF-8"?>
<!DOCTYPE view>
<view:view xmlns:view="http://www.alfresco.org/view/repository/1.0" xmlns:alf="http://www.alfresco.org" xmlns:d="http://www.alfresco.org/model/dictionary/1.0" xmlns:sys="http://www.alfresco.org/model/system/1.0" xmlns:act="http://www.alfresco.org/model/action/1.0" xmlns:rule="http://www.alfresco.org/model/rule/1.0" xmlns:fm="http://www.alfresco.org/model/forum/1.0" xmlns:app="http://www.alfresco.org/model/application/1.0" xmlns:usr="http://www.alfresco.org/model/user/1.0" xmlns:ver="http://www.alfresco.org/model/versionstore/1.0" xmlns:cm="http://www.alfresco.org/model/content/1.0" xmlns="">

    <usr:user view:childName="usr:mmsadmin"><!-- the value of usr must be the username -->
<view:aspects>
      <sys:referenceable></sys:referenceable>
    </view:aspects>
        <view:properties>
            <usr:username>mmsadmin</usr:username>
            <!-- <usr:password>209c6174da490caeb422f3fa5a7ae634</usr:password> -->
            <usr:password>becedb42ec3c5c7f965255338be4453c</usr:password>
            <usr:accountExpires>false</usr:accountExpires>
            <usr:credentialsExpire>false</usr:credentialsExpire>
            <usr:accountLocked>false</usr:accountLocked>
            <usr:enabled>true</usr:enabled>
        </view:properties>
    </usr:user>
</view:view>