<?xml version="1.0" encoding="UTF-8"?>
<!DOCTYPE view>
<view:view xmlns:view="http://www.alfresco.org/view/repository/1.0" xmlns:alf="http://www.alfresco.org" xmlns:d="http://www.alfresco.org/model/dictionary/1.0" xmlns:sys="http://www.alfresco.org/model/system/1.0" xmlns:act="http://www.alfresco.org/model/action/1.0" xmlns:rule="http://www.alfresco.org/model/rule/1.0" xmlns:fm="http://www.alfresco.org/model/forum/1.0" xmlns:app="http://www.alfresco.org/model/application/1.0" xmlns:usr="http://www.alfresco.org/model/user/1.0" xmlns:ver="http://www.alfresco.org/model/versionstore/1.0" xmlns:cm="http://www.alfresco.org/model/content/1.0" xmlns="">
    <cm:person view:childName="cm:mmsadmin">
        <view:properties>
            <cm:firstName>MMS</cm:firstName>
            <cm:lastName>Admin</cm:lastName>
            <cm:email>cinyoung@jpl.nasa.gov</cm:email>
            <cm:userName>mmsadmin</cm:userName>
            <cm:homeFolder>workspace://SpacesStore/mmsAdmin</cm:homeFolder>
            <cm:organizationId></cm:organizationId>
            <cm:sizeQuota>-1</cm:sizeQuota>
            <cm:sizeCurrent>0</cm:sizeCurrent>
        </view:properties>
    </cm:person>
</view:view>