<?xml version='1.0' encoding='UTF-8'?>
<!DOCTYPE beans PUBLIC '-//SPRING//DTD BEAN//EN' 'http://www.springframework.org/dtd/spring-beans.dtd'>
<beans>
    <!--  enable toggling of all flags -->
    <bean id="webscript.gov.nasa.jpl.utils.allflags.get"
        class="gov.nasa.jpl.view_repo.webscripts.AllFlagsGet"
        parent="webscript">
    </bean>

    <bean id="webscript.gov.nasa.jpl.utils.loglevel.post"
          class="gov.nasa.jpl.view_repo.webscripts.LogLevelPost" parent="webscript"
          singleton="false">
    </bean>

    <bean id="webscript.gov.nasa.jpl.mms.refs.elements.element.get"
        class="gov.nasa.jpl.view_repo.webscripts.ModelGet" parent="webscript"
        singleton="false">
        <property name="repositoryHelper" ref="repositoryHelper" />
        <property name="services" ref="ServiceRegistry" />
    </bean>

    <bean id="webscript.gov.nasa.jpl.mms.refs.elements.elements.delete"
        class="gov.nasa.jpl.view_repo.webscripts.ModelDelete" parent="webscript"
        singleton="false">
        <property name="repositoryHelper" ref="repositoryHelper" />
        <property name="services" ref="ServiceRegistry" />
    </bean>

    <bean id="webscript.gov.nasa.jpl.mms.refs.elements.elements.post"
        class="gov.nasa.jpl.view_repo.webscripts.ModelPost" parent="webscript"
        singleton="false">
        <property name="repositoryHelper" ref="repositoryHelper" />
        <property name="services" ref="ServiceRegistry" />
    </bean>

    <bean id="webscript.gov.nasa.jpl.mms.refs.elements.cfids.get"
          class="gov.nasa.jpl.view_repo.webscripts.CfIdsGet" parent="webscript"
          singleton="false">
        <property name="repositoryHelper" ref="repositoryHelper" />
        <property name="services" ref="ServiceRegistry" />
    </bean>

    <!-- adding new bean -->
    <bean id="webscript.gov.nasa.jpl.mms.orgs.orgs.post"
          class="gov.nasa.jpl.view_repo.webscripts.OrgPost" parent="webscript"
          singleton="false">
        <property name="repositoryHelper" ref="repositoryHelper" />
        <property name="services" ref="ServiceRegistry" />
    </bean>

    <!-- adding new bean -->
    <bean id="webscript.gov.nasa.jpl.mms.orgs.orgs.get"
          class="gov.nasa.jpl.view_repo.webscripts.OrgGet" parent="webscript"
          singleton="false">
        <property name="repositoryHelper" ref="repositoryHelper" />
        <property name="services" ref="ServiceRegistry" />
    </bean>

    <!-- adding new bean -->
    <bean id="webscript.gov.nasa.jpl.mms.orgs.projects.post"
          class="gov.nasa.jpl.view_repo.webscripts.ProjectPost" parent="webscript"
          singleton="false">
        <property name="repositoryHelper" ref="repositoryHelper" />
        <property name="services" ref="ServiceRegistry" />
    </bean>

    <bean id="webscript.gov.nasa.jpl.mms.projects.delete"
          class="gov.nasa.jpl.view_repo.webscripts.ProjectDelete" parent="webscript"
          singleton="false">
        <property name="repositoryHelper" ref="repositoryHelper"/>
        <property name="services" ref="ServiceRegistry"/>
    </bean>

    <!-- adding new bean -->
    <bean id="webscript.gov.nasa.jpl.mms.refs.sites.get"
          class="gov.nasa.jpl.view_repo.webscripts.SiteGet" parent="webscript"
          singleton="false">
        <property name="repositoryHelper" ref="repositoryHelper" />
        <property name="services" ref="ServiceRegistry" />
    </bean>

    <bean
        id="webscript.gov.nasa.jpl.mms.refs.htmlToPdf.post"
        class="gov.nasa.jpl.view_repo.webscripts.HtmlToPdfPost" parent="webscript"
        singleton="false">
        <property name="repositoryHelper" ref="repositoryHelper" />
        <property name="services" ref="ServiceRegistry" />
    </bean>

    <bean id="webscript.gov.nasa.jpl.mms.refs.documents.get"
          class="gov.nasa.jpl.view_repo.webscripts.DocumentsGet" parent="webscript"
          singleton="false">
        <property name="repositoryHelper" ref="repositoryHelper" />
        <property name="services" ref="ServiceRegistry" />
    </bean>

    <bean id="webscript.gov.nasa.jpl.mms.refs.mounts.get"
          class="gov.nasa.jpl.view_repo.webscripts.MountsGet" parent="webscript"
          singleton="false">
        <property name="repositoryHelper" ref="repositoryHelper" />
        <property name="services" ref="ServiceRegistry" />
    </bean>

    <bean id="webscript.gov.nasa.jpl.mms.ref.get"
          class="gov.nasa.jpl.view_repo.webscripts.WorkspaceGet" parent="webscript"
          singleton="false">
        <property name="repositoryHelper" ref="repositoryHelper" />
        <property name="services" ref="ServiceRegistry" />
    </bean>

    <bean id="webscript.gov.nasa.jpl.mms.refs.get"
        class="gov.nasa.jpl.view_repo.webscripts.WorkspacesGet" parent="webscript"
        singleton="false">
        <property name="repositoryHelper" ref="repositoryHelper" />
        <property name="services" ref="ServiceRegistry" />
    </bean>

    <bean id="webscript.gov.nasa.jpl.mms.refs.post"
        class="gov.nasa.jpl.view_repo.webscripts.WorkspacesPost" parent="webscript"
        singleton="false">
        <property name="repositoryHelper" ref="repositoryHelper" />
        <property name="services" ref="ServiceRegistry" />
    </bean>

    <bean id="webscript.gov.nasa.jpl.mms.refs.history.ref.get"
          class="gov.nasa.jpl.view_repo.webscripts.WorkspaceHistoryGet" parent="webscript"
          singleton="false">
        <property name="repositoryHelper" ref="repositoryHelper" />
        <property name="services" ref="ServiceRegistry" />
    </bean>

    <bean id="webscript.gov.nasa.jpl.mms.refs.search.post"
        class="gov.nasa.jpl.view_repo.webscripts.ModelSearch" parent="webscript"
        singleton="false">
        <property name="repositoryHelper" ref="repositoryHelper" />
        <property name="services" ref="ServiceRegistry" />
    </bean>

    <bean id="webscript.gov.nasa.jpl.mms.refs.search.put"
          class="gov.nasa.jpl.view_repo.webscripts.ModelSearch" parent="webscript"
          singleton="false">
        <property name="repositoryHelper" ref="repositoryHelper" />
        <property name="services" ref="ServiceRegistry" />
    </bean>

    <bean id="webscript.gov.nasa.jpl.mms.refs.elements.elements.get"
        class="gov.nasa.jpl.view_repo.webscripts.ModelsGet" parent="webscript"
        singleton="false">
       <property name="repositoryHelper" ref="repositoryHelper" />
       <property name="services" ref="ServiceRegistry" />
    </bean>

    <bean id="webscript.gov.nasa.jpl.mms.refs.elements.elements.put"
        class="gov.nasa.jpl.view_repo.webscripts.ModelsGet" parent="webscript"
        singleton="false">
       <property name="repositoryHelper" ref="repositoryHelper" />
       <property name="services" ref="ServiceRegistry" />
    </bean>

    <bean id="webscript.gov.nasa.jpl.mms.refs.delete"
        class="gov.nasa.jpl.view_repo.webscripts.WorkspaceDelete" parent="webscript"
        singleton="false">
        <property name="repositoryHelper" ref="repositoryHelper" />
        <property name="services" ref="ServiceRegistry" />
    </bean>

    <!-- get module info -->
    <bean id="webscript.gov.nasa.jpl.utils.moduleinfo.get"
        class="gov.nasa.jpl.view_repo.webscripts.util.ModuleInfoGet" parent="webscript"
        singleton="false">
        <property name="services" ref="ServiceRegistry" />
    </bean>

    <bean id="webscript.gov.nasa.jpl.mms.refs.history.element.get"
        class="gov.nasa.jpl.view_repo.webscripts.HistoryGet" parent="webscript"
          singleton="false">
        <property name="repositoryHelper" ref="repositoryHelper"/>
        <property name="services" ref="ServiceRegistry"/>
    </bean>

    <bean id="webscript.gov.nasa.jpl.mms.mmsversion.get"
        class="gov.nasa.jpl.view_repo.webscripts.MmsVersion" parent="webscript"
          singleton="false">
        <property name="repositoryHelper" ref="repositoryHelper"/>
        <property name="services" ref="ServiceRegistry"/>
    </bean>

    <!-- Set static vars for the ServiceRegistry and Repository in NodeUtil -->
    <bean class="org.springframework.beans.factory.config.MethodInvokingFactoryBean">
        <property name="staticMethod" value="gov.nasa.jpl.view_repo.util.NodeUtil.setServices" />
        <property name="arguments" ref="ServiceRegistry"/>
    </bean>

    <bean class="org.springframework.beans.factory.config.MethodInvokingFactoryBean">
        <property name="staticMethod" value="gov.nasa.jpl.view_repo.util.NodeUtil.setRepository" />
        <property name="arguments" ref="repositoryHelper"/>
    </bean>

    <bean id="webscript.gov.nasa.jpl.mms.commits.get"
          class="gov.nasa.jpl.view_repo.webscripts.CommitsGet" parent="webscript"
          singleton="false">
        <property name="repositoryHelper" ref="repositoryHelper"/>
        <property name="services" ref="ServiceRegistry"/>
    </bean>
</beans>
